{
  "random_forest": {
    "accuracy": 100.0,
    "auc": 1.0,
    "confusion_matrix": [
      [
        846,
        0
      ],
      [
        0,
        154
      ]
    ]
  },
  "gradient_boosting": {
    "accuracy": 100.0,
    "auc": 1.0,
    "confusion_matrix": [
      [
        846,
        0
      ],
      [
        0,
        154
      ]
    ]
  },
  "logistic_regression": {
    "accuracy": 100.0,
    "auc": 1.0,
    "confusion_matrix": [
      [
        846,
        0
      ],
      [
        0,
        154
      ]
    ]
  },
  "features": [
    "amount",
    "hour_of_day",
    "day_of_week",
    "transaction_freq_1hr",
    "location_distance_km",
    "new_device",
    "failed_attempts",
    "account_age_days",
    "pin_changed_recently",
    "is_weekend",
    "txn_type_enc",
    "sender_bank_enc",
    "device_enc"
  ],
  "feature_importance": {
    "amount": 0.02162980870121125,
    "hour_of_day": 0.0010867514792740848,
    "day_of_week": 3.5867918594206045e-05,
    "transaction_freq_1hr": 0.09650690960674752,
    "location_distance_km": 0.27935853953243955,
    "new_device": 0.02397182395356347,
    "failed_attempts": 0.3714016126016568,
    "account_age_days": 0.1761272485958595,
    "pin_changed_recently": 0.02983048350767224,
    "is_weekend": 3.523222272195319e-05,
    "txn_type_enc": 4.944746163315359e-06,
    "sender_bank_enc": 6.5128277061761634e-06,
    "device_enc": 4.264306389876432e-06
  }
}